{"metadata":{"asset_id":"88f301b2-ef79-4265-a28c-d6f87c94e9a9","asset_attributes":["data_asset","directory_asset","location_definition"],"name":"lung cancer doc.docx","asset_type":"data_asset","created_at":"2025-06-28T16:42:49Z","origin_country":"us","owner_id":"e57EncMnit-a605f921-e506-4dcd-b33a-17d3821e113a","project_id":"99e936d1-ff9e-4dea-8b7a-39be0b03315d","size":27809,"usage":{"last_update_time":1751128969241,"last_updated_at":"2025-06-28T16:42:49Z"}},"entity":{"data_asset":{"mime_type":"application/vnd.openxmlformats-officedocument.wordprocessingml.document","dataset":false},"directory_asset":{"path":""}},"attachments":[{"id":"0ac7ee2e-bf12-443e-9fa0-b5e4728aa0da","version":2,"asset_type":"data_asset","name":"lung cancer doc.docx","mime":"application/vnd.openxmlformats-officedocument.wordprocessingml.document","datasource_type":"193a97c1-4475-4a19-b90c-295c4fdc6517","object_key":"lung cancer doc.docx","creator_id":"e57EncMnit-a605f921-e506-4dcd-b33a-17d3821e113a","create_time":1751128969539,"size":27809,"is_remote":false,"is_managed":false,"is_referenced":true,"is_object_key_read_only":true,"is_user_provided_path_key":true,"transfer_complete":true,"is_partitioned":false,"complete_time_ticks":1751128969539,"user_data":{},"test_doc":0,"handle":{"bucket":"wamax-donotdelete-pr-to7jnojexqrbn9","location":"eu-gb","type":"bluemix_cos","key":"lung cancer doc.docx","upload_id":"done","max_part_num":1},"usage":{"access_count":0,"last_accessor_id":"e57EncMnit-a605f921-e506-4dcd-b33a-17d3821e113a","last_access_time":1751128969539}}]}
