{"metadata":{"asset_id":"811e2b70-234c-4752-9f1f-2934acf06ebf","asset_attributes":["environment"],"name":"ai-service-v8-environment","asset_type":"environment","created_at":"2025-06-28T16:53:40Z","origin_country":"us","owner_id":"e57EncMnit-a605f921-e506-4dcd-b33a-17d3821e113a","project_id":"99e936d1-ff9e-4dea-8b7a-39be0b03315d","sandbox_id":"99e936d1-ff9e-4dea-8b7a-39be0b03315d","size":0,"tags":["dsx"],"usage":{"last_update_time":1751129620059,"last_updated_at":"2025-06-28T16:53:40Z"}},"entity":{"environment":{"sub_type":"notebook","display_name":"AI Service - RT24.1 for Python 3.11","hardware_specification":{"guid":"f3ebac7d-0a75-410c-8b48-a931428cc4c5","type":"referenced"},"software_specification":{"guid":"55a609e4-2f37-415a-9e30-199d8e84ef2f","type":"referenced"},"tools_specification":{"supported_kernels":[{"name":"python3","display_name":"Python 3.11","language":"python","version":"3.11"}],"notebook_extensions":[]}}}}
