{"metadata":{"asset_id":"45b68d5e-5b1e-447b-824f-9aa27321c034","asset_attributes":["package_extension","location_definition"],"name":"ai-service-v8-package-extension","asset_type":"package_extension","created_at":"2025-06-28T16:53:37Z","description":"","origin_country":"us","owner_id":"e57EncMnit-a605f921-e506-4dcd-b33a-17d3821e113a","project_id":"99e936d1-ff9e-4dea-8b7a-39be0b03315d","sandbox_id":"99e936d1-ff9e-4dea-8b7a-39be0b03315d","size":190,"tags":["dsx"],"usage":{"last_update_time":1751129619089,"last_updated_at":"2025-06-28T16:53:39Z"}},"entity":{"package_extension":{"type":"conda_yml","interpreter":"mamba","object_key":"package_extension/ai-service-v8-package-extension_0FQkJlLLK.yml"},"location_definition":{"physical_location_code":"LON","physical_location_code_assigned_by":"e57EncMnit-a605f921-e506-4dcd-b33a-17d3821e113a","physical_location_code_rds_id":"c57cb90f-2126-3800-9c9f-9eab82021cdf","physical_location_code_rds_version":"00002024-1121-4122-8939-996885000000_4","physical_location_code_assignment_method":"INFERRED","physical_location_code_added_on":"1751129619081"}},"attachments":[{"id":"681451b6-015c-462f-8ad7-ae4b74284844","version":2,"asset_type":"package_extension","name":"attachment for package extension 45b68d5e-5b1e-447b-824f-9aa27321c034","description":"attachment for package extension 45b68d5e-5b1e-447b-824f-9aa27321c034","mime":"application/json","datasource_type":"193a97c1-4475-4a19-b90c-295c4fdc6517","object_key":"package_extension/ai-service-v8-package-extension_0FQkJlLLK.yml","creator_id":"e57EncMnit-a605f921-e506-4dcd-b33a-17d3821e113a","create_time":1751129619087,"size":190,"is_remote":false,"is_managed":false,"is_referenced":true,"is_object_key_read_only":false,"is_user_provided_path_key":true,"transfer_complete":true,"is_partitioned":false,"complete_time_ticks":1751129619087,"user_data":{},"test_doc":0,"handle":{"bucket":"wamax-donotdelete-pr-to7jnojexqrbn9","location":"eu-gb","type":"bluemix_cos","key":"package_extension/ai-service-v8-package-extension_0FQkJlLLK.yml","upload_id":"done","max_part_num":1},"usage":{"access_count":0,"last_accessor_id":"e57EncMnit-a605f921-e506-4dcd-b33a-17d3821e113a","last_access_time":1751129619087}}]}
