{"metadata":{"asset_id":"55a609e4-2f37-415a-9e30-199d8e84ef2f","asset_attributes":["software_specification"],"name":"ai-service-v8-software-specification","asset_type":"software_specification","created_at":"2025-06-28T16:53:39Z","origin_country":"us","owner_id":"e57EncMnit-a605f921-e506-4dcd-b33a-17d3821e113a","project_id":"99e936d1-ff9e-4dea-8b7a-39be0b03315d","sandbox_id":"99e936d1-ff9e-4dea-8b7a-39be0b03315d","size":0,"tags":["dsx"],"usage":{"last_update_time":1751129619332,"last_updated_at":"2025-06-28T16:53:39Z"}},"entity":{"software_specification":{"type":"derived","display_name":"ai-service-v8-software-specification","base_software_specification":{"guid":"45f12dfe-aa78-5b8d-9f38-0ee223c47309","href":"/v2/software_specifications/45f12dfe-aa78-5b8d-9f38-0ee223c47309"},"package_extensions":[{"guid":"45b68d5e-5b1e-447b-824f-9aa27321c034","href":"/v2/package_extensions/45b68d5e-5b1e-447b-824f-9aa27321c034"}]}}}
