{"id":"47bfc07e-a4b9-4fe4-a064-466a265d79b2","name":"lung cancer doc","description":"","created_at":1751129001843,"created_by":"e57EncMnit-a605f921-e506-4dcd-b33a-17d3821e113a","last_updated_at":1751129006396,"last_updated_by":"e57EncMnit-a605f921-e506-4dcd-b33a-17d3821e113a","data_assets":["88f301b2-ef79-4265-a28c-d6f87c94e9a9"],"store":{"type":"memory"},"settings":{"chunk_size":2000,"chunk_overlap":200,"split_pdf_pages":true,"top_k":3,"rerank":false,"embedding_model_id":"ibm/granite-embedding-278m-multilingual"},"status":"ready","attachment_object_key":"vector_index/lungcancerdoc__da__f76jsfuksa.gz"}
