{"metadata":{"name":"Main Agent","description":"","asset_type":"wx_prompt","origin_country":"us","resource_key":"719533222f60d9d784e7a961b8838b675aa6c27a36827c3208c2dc1252af9c6a"},"entity":{"wx_prompt":{"input_mode":"chat","grounding_index":"47bfc07e-a4b9-4fe4-a064-466a265d79b2","is_template":false}},"attachments":[{"id":"d1a5f48f-d2eb-452a-b404-e69e859e3577","version":2,"asset_type":"wx_prompt","name":"MainAgent.json","mime":"application/json","datasource_type":"193a97c1-4475-4a19-b90c-295c4fdc6517","object_key":"wx_prompt/MainAgent__da__xwhond1omq.json","creator_id":"e57EncMnit-a605f921-e506-4dcd-b33a-17d3821e113a","create_time":1751129501689,"size":3040,"is_remote":false,"is_managed":false,"is_referenced":true,"is_object_key_read_only":false,"is_user_provided_path_key":true,"transfer_complete":true,"is_partitioned":false,"complete_time_ticks":1751129501689,"user_data":{},"test_doc":0,"handle":{"bucket":"wamax-donotdelete-pr-to7jnojexqrbn9","location":"eu-gb","type":"bluemix_cos","key":"wx_prompt/MainAgent__da__xwhond1omq.json","upload_id":"done","max_part_num":1},"usage":{"access_count":0,"last_accessor_id":"e57EncMnit-a605f921-e506-4dcd-b33a-17d3821e113a","last_access_time":1751129501689}}]}
